datetime,BE,CZ,PL,NL,DK_2,IE_SEM,CH,NO_1,SE_3,GR,DE_LU,HU,RS,HR,ES,AT,FR,IT_NORD,IT_CNOR
2026-07-18 22:00:00+00:00,145.59,145.59,145.59,145.59,142.97,207.22,133.77,136.33,58.6,145.59,145.59,145.59,135.0,145.59,166.0,145.59,145.59,180.0,180.0
2026-07-18 22:15:00+00:00,142.6,142.6,142.6,142.6,140.039993,207.22,133.77,134.03,48.85,142.6,142.6,142.6,135.0,142.6,163.13,142.6,142.6,185.0,185.0
2026-07-18 22:30:00+00:00,135.63,135.63,135.63,135.63,133.190002,207.22,133.77,128.12,35.91,135.63,135.63,135.63,135.0,135.63,163.13,135.63,135.63,185.0,185.0
2026-07-18 22:45:00+00:00,130.97,130.97,130.97,130.97,128.610001,207.22,133.77,125.19,24.03,130.97,130.97,130.97,135.0,130.97,158.04,130.97,130.97,179.83,179.83
2026-07-18 23:00:00+00:00,135.0,135.0,135.0,135.0,132.580002,218.95,123.89,127.02,42.7,135.0,135.0,135.0,123.79,135.0,163.13,135.0,135.0,185.0,185.0
2026-07-18 23:15:00+00:00,132.23,132.23,132.23,132.23,129.85,218.95,123.89,125.15,31.96,132.23,132.23,132.23,123.79,132.23,162.57,132.23,132.23,180.0,180.0
2026-07-18 23:30:00+00:00,130.06,130.06,130.06,130.06,127.72,218.95,123.89,123.97,12.69,130.06,130.06,130.06,123.79,130.06,160.07,130.06,130.06,178.63,178.63
2026-07-18 23:45:00+00:00,125.68,125.68,125.68,125.68,123.41,218.95,123.89,120.26,10.01,125.68,125.68,125.68,123.79,125.68,157.21,125.68,125.68,173.99,173.99
2026-07-19 00:00:00+00:00,127.55,127.55,127.55,127.55,125.26,202.195,119.88,121.24,13.54,127.55,127.55,127.55,115.04,127.55,161.86,127.55,127.55,185.0,185.0
2026-07-19 00:15:00+00:00,122.31,122.31,122.31,122.31,120.11,202.195,119.88,116.82,8.77,122.31,122.31,122.31,115.04,122.31,159.0,122.31,122.31,178.63,178.63
2026-07-19 00:30:00+00:00,120.85,120.85,120.85,120.85,118.67,202.195,119.88,115.4,8.01,120.85,120.85,120.85,115.04,120.85,157.18,120.85,120.85,176.99,176.99
2026-07-19 00:45:00+00:00,116.83,116.93,116.93,116.84,114.779999,202.195,119.88,113.54,6.95,116.95,116.89,116.95,115.04,116.97,157.18,116.96,116.14,167.95,167.95
2026-07-19 01:00:00+00:00,121.07,121.07,121.07,121.07,118.889999,225.015,118.49,115.21,6.95,121.07,121.07,121.07,115.02,121.07,156.5,121.07,121.07,143.5,161.92
2026-07-19 01:15:00+00:00,120.09,120.09,120.09,120.09,120.089996,225.015,118.49,114.5,6.75,120.09,120.09,120.09,115.02,120.09,155.0,120.09,120.09,146.2,166.5
2026-07-19 01:30:00+00:00,118.86,118.98,118.97,118.88,118.940002,225.015,118.49,113.37,5.84,119.0,118.93,119.0,115.02,119.02,155.0,119.01,118.08,160.29,164.59
2026-07-19 01:45:00+00:00,114.57,116.06,116.01,114.78,115.57,225.015,118.49,111.3,5.5,116.36,115.5,116.31,115.02,116.56,155.0,116.47,104.76,143.5,143.5
2026-07-19 02:00:00+00:00,116.13,121.59,121.42,116.88,119.75,215.635,114.96,115.3,5.56,122.71,119.53,122.52,111.03,123.47,152.07,123.14,80.06,169.6,169.6
2026-07-19 02:15:00+00:00,113.11,118.4,118.19,112.6,116.34,215.635,114.96,115.26,4.64,119.57,116.11,119.37,111.03,120.37,152.07,120.07,79.93,160.29,160.29
2026-07-19 02:30:00+00:00,112.71,114.72,114.64,112.52,113.940002,215.635,114.96,115.03,3.46,115.16,113.85,115.08,111.03,115.46,154.78,115.35,100.15,158.21,158.21
2026-07-19 02:45:00+00:00,111.19,111.93,111.91,111.12,111.64,215.635,114.96,112.94,3.16,112.1,111.61,112.07,111.03,112.21,155.0,112.17,106.53,151.9,151.9
2026-07-19 03:00:00+00:00,104.5,117.25,116.85,107.59,113.599998,199.17,112.1,113.79,2.67,119.1,113.18,118.78,85.1,120.37,157.15,120.01,72.57,179.83,179.83
2026-07-19 03:15:00+00:00,103.54,113.16,112.85,105.92,110.42,199.17,112.1,110.89,2.67,114.54,110.1,114.3,85.1,115.49,157.15,115.22,80.09,176.67,176.67
2026-07-19 03:30:00+00:00,106.69,110.61,110.45,106.42,109.12,199.17,112.1,110.03,2.65,111.45,108.94,111.3,85.1,112.02,157.15,111.8,83.42,161.42,161.42
2026-07-19 03:45:00+00:00,104.9,105.87,105.83,104.81,105.49,199.17,112.1,106.96,3.63,106.08,105.45,106.04,85.1,106.23,158.55,106.17,98.84,142.08,142.08
2026-07-19 04:00:00+00:00,102.42,112.88,112.55,105.13,109.94,191.455,109.13,108.52,3.11,114.36,109.53,114.11,65.0,115.36,158.55,115.09,78.29,145.62,145.62
2026-07-19 04:15:00+00:00,93.0,108.87,108.37,97.11,104.410004,191.455,109.13,104.6,3.11,111.11,103.79,110.73,65.0,112.63,160.07,112.22,56.42,144.59,144.59
2026-07-19 04:30:00+00:00,89.25,106.87,106.31,93.81,101.91,191.455,109.13,102.05,2.35,109.36,101.23,108.94,65.0,111.05,162.57,110.59,48.62,152.69,152.69
2026-07-19 04:45:00+00:00,75.99,100.78,99.99,82.4,93.22,191.455,109.13,94.15,2.33,104.27,92.84,103.69,65.0,106.65,163.13,106.01,18.83,143.5,143.5
2026-07-19 05:00:00+00:00,76.64,108.42,107.69,88.4,100.78,200.92,94.41,99.7,2.41,112.05,100.73,111.45,69.99,114.55,166.0,113.81,17.32,161.42,161.42
2026-07-19 05:15:00+00:00,71.08,98.77,98.13,81.33,92.199997,200.92,94.41,92.2,1.85,101.94,92.07,101.41,69.99,104.11,160.07,103.47,19.4,149.7,149.7
2026-07-19 05:30:00+00:00,65.94,95.37,99.51,76.83,88.199997,200.92,94.41,88.23,1.87,98.73,88.25,98.18,69.99,101.05,152.07,100.36,11.01,160.35,160.35
2026-07-19 05:45:00+00:00,55.43,78.49,91.06,63.63,72.790001,200.92,94.41,76.68,2.1,81.2,72.79,80.75,69.99,83.06,135.1,82.5,9.33,175.98,175.98
2026-07-19 06:00:00+00:00,59.99,78.87,78.41,66.47,74.35,196.14,51.07,80.77,1.49,81.09,74.18,80.72,59.05,82.65,129.49,82.2,19.37,175.98,175.98
2026-07-19 06:15:00+00:00,41.55,62.68,62.18,49.43,57.43,196.14,51.07,70.09,1.33,65.03,57.66,64.64,59.05,66.68,110.0,66.22,1.91,175.98,175.98
2026-07-19 06:30:00+00:00,23.79,32.45,32.23,26.75,30.3,196.14,51.07,53.16,1.44,27.79,30.29,33.3,59.05,34.18,98.96,33.98,5.06,175.97,175.97
2026-07-19 06:45:00+00:00,7.71,11.36,11.28,9.07,10.46,196.14,51.07,40.74,1.45,11.77,10.5,11.7,59.05,12.06,82.4,11.98,0.85,157.99,157.99
2026-07-19 07:00:00+00:00,7.45,11.4,11.29,8.93,10.5,201.16,14.31,40.75,1.02,11.82,10.51,11.75,26.0,12.13,80.93,12.05,0.06,173.79,173.79
2026-07-19 07:15:00+00:00,3.14,4.81,4.77,3.76,4.39,201.16,14.31,36.77,1.16,4.99,4.43,4.96,26.0,5.12,50.0,5.09,0.0,159.11,159.11
2026-07-19 07:30:00+00:00,1.02,1.58,1.56,1.23,1.49,201.16,14.31,35.02,0.82,1.64,1.45,1.63,26.0,1.68,5.88,1.67,-0.01,140.16,140.16
2026-07-19 07:45:00+00:00,0.18,0.29,0.29,0.22,0.26,201.16,14.31,34.42,0.16,0.3,0.27,0.3,26.0,0.31,1.08,0.31,-0.01,136.84,136.84
2026-07-19 08:00:00+00:00,0.04,0.06,0.06,0.05,0.21,167.92,1.08,35.35,0.38,0.06,0.06,0.06,17.69,0.06,1.03,0.06,0.0,136.88,136.88
2026-07-19 08:15:00+00:00,0.0,0.01,0.01,0.0,0.15,167.92,1.08,33.39,0.32,0.01,0.0,0.01,17.69,0.01,0.2,0.01,-0.01,130.3,130.3
2026-07-19 08:30:00+00:00,0.0,0.0,0.0,0.0,0.35,167.92,1.08,33.68,0.67,0.04,0.0,0.0,17.69,0.0,0.0,0.0,-0.01,130.11,130.11
2026-07-19 08:45:00+00:00,-0.01,0.0,0.0,0.0,0.34,167.92,1.08,33.1,0.66,0.04,0.0,0.0,17.69,0.0,0.0,0.0,-0.01,123.11,123.11
2026-07-19 09:00:00+00:00,-0.01,0.0,0.0,-0.01,0.22,145.895,1.14,34.21,0.45,0.04,-0.01,0.02,11.0,0.09,0.0,-0.03,-0.01,138.16,138.16
2026-07-19 09:15:00+00:00,-0.01,-0.01,0.0,-0.02,0.34,145.895,1.14,33.68,0.67,0.04,-0.02,0.02,11.0,0.11,0.0,-0.04,-0.01,126.0,126.0
2026-07-19 09:30:00+00:00,-0.03,-0.01,0.01,-0.04,0.34,145.895,1.14,34.04,0.68,0.15,-0.04,0.09,11.0,0.34,-0.01,-0.11,-0.02,125.0,125.0
2026-07-19 09:45:00+00:00,-0.07,-0.02,0.06,-0.09,0.29,145.895,1.14,32.98,0.64,0.5,-0.11,0.3,11.0,1.13,-0.01,-0.33,-0.03,131.24,131.24
2026-07-19 10:00:00+00:00,-0.3,1.23,1.16,-0.4,0.27,132.045,1.99,32.66,0.66,2.95,-0.44,2.64,13.71,4.24,-0.01,2.36,-0.03,111.1,111.1
2026-07-19 10:15:00+00:00,-0.51,1.82,1.73,-0.66,0.3,132.045,1.99,32.48,0.65,4.49,-0.73,3.99,13.71,6.48,-0.01,3.53,-0.1,100.0,100.0
2026-07-19 10:30:00+00:00,-0.56,1.89,1.84,-0.72,0.43,132.045,1.99,34.52,0.9,5.0,-0.8,4.35,13.71,7.49,-0.01,3.43,-0.11,110.15,110.15
2026-07-19 10:45:00+00:00,-0.48,1.58,1.55,-1.19,0.65,132.045,1.99,33.7,1.23,4.67,-1.0,4.0,13.71,7.23,-0.01,2.91,-0.11,100.64,100.64
2026-07-19 11:00:00+00:00,-0.39,1.87,1.53,-1.7,0.34,127.56,2.35,33.57,0.67,3.76,-1.19,3.71,10.78,4.48,0.0,5.0,-0.11,107.74,107.74
2026-07-19 11:15:00+00:00,-2.15,0.66,0.33,-2.3,0.33,127.56,2.35,33.17,0.65,2.55,-2.36,2.51,10.78,3.27,0.0,3.79,-1.74,83.0,83.0
2026-07-19 11:30:00+00:00,-2.83,0.27,0.01,-3.02,0.17,127.56,2.35,32.85,0.37,2.99,-3.09,2.68,10.78,4.6,0.0,3.19,-2.34,83.0,83.0
2026-07-19 11:45:00+00:00,-3.81,-0.34,0.0,-4.0,0.28,127.56,2.35,31.54,0.57,2.11,-4.07,2.0,10.78,3.14,0.0,3.41,-3.3,81.75,81.75
2026-07-19 12:00:00+00:00,-4.15,1.13,0.74,-4.47,0.26,119.92,4.56,30.1,0.55,6.31,-4.62,5.51,16.98,9.83,0.0,5.51,-3.28,76.0,76.0
2026-07-19 12:15:00+00:00,-4.45,1.57,5.99,-4.82,0.26,119.92,4.56,30.08,0.56,7.67,-5.0,6.69,16.98,11.91,0.0,6.45,-3.44,83.0,83.0
2026-07-19 12:30:00+00:00,-4.42,1.87,23.72,-4.81,0.27,119.92,4.56,30.07,0.57,8.44,-5.0,7.33,16.98,13.12,0.0,6.8,-3.36,92.74,92.74
2026-07-19 12:45:00+00:00,-4.81,1.5,50.5,-5.19,0.66,119.92,4.56,30.0,1.3,7.67,-5.37,6.73,16.98,11.83,0.0,6.78,-3.77,95.4,95.4
2026-07-19 13:00:00+00:00,-4.99,2.08,36.33,-5.43,1.1,115.46,15.0,25.17,1.16,9.08,-5.69,8.0,24.09,13.82,-0.01,8.0,-3.82,86.0,86.0
2026-07-19 13:15:00+00:00,-4.57,2.06,59.42,-5.0,1.0,115.46,15.0,24.41,1.86,9.99,-5.29,8.41,24.09,16.2,-0.01,6.48,-3.38,66.0,66.0
2026-07-19 13:30:00+00:00,-4.0,3.2,64.78,-4.49,1.07,115.46,15.0,24.46,1.98,12.78,-4.83,10.66,24.09,20.75,-0.02,7.21,-2.64,76.0,76.0
2026-07-19 13:45:00+00:00,-3.06,4.45,99.48,-3.6,1.53,115.46,15.0,23.6,2.83,16.03,-4.01,13.16,24.09,26.38,-0.02,7.33,-1.54,86.0,86.0
2026-07-19 14:00:00+00:00,-1.5,6.0,105.39,-2.0,1.6,115.46,89.0,30.0,1.9,14.91,-2.31,13.31,85.07,21.47,-0.07,8.07,-0.11,76.0,76.0
2026-07-19 14:15:00+00:00,-1.82,7.52,102.02,-2.45,1.8,115.46,89.0,29.61,3.42,18.75,-2.84,16.7,85.07,27.06,-0.05,9.92,-0.09,102.98,102.98
2026-07-19 14:30:00+00:00,-1.73,32.71,98.96,-3.03,2.53,115.46,89.0,31.47,4.3,70.38,-3.4,63.78,85.07,97.63,-0.01,43.44,-0.01,115.74,115.74
2026-07-19 14:45:00+00:00,-0.06,47.48,106.77,-1.3,4.0,115.46,89.0,31.83,5.36,93.18,-1.2,86.43,85.07,123.3,-0.01,71.42,-0.01,143.3,143.3
2026-07-19 15:00:00+00:00,-0.62,6.46,159.94,-0.97,3.19,115.98,113.19,24.05,4.91,14.27,-1.2,13.01,103.01,19.66,0.0,9.45,-0.01,115.0,115.0
2026-07-19 15:15:00+00:00,0.76,55.42,109.54,-0.6,4.48,115.98,113.19,68.8,6.15,104.47,-0.97,97.62,103.01,129.01,0.0,96.25,0.0,146.46,146.46
2026-07-19 15:30:00+00:00,1.66,72.57,98.96,0.08,8.38,115.98,113.19,81.97,9.53,150.23,-0.01,154.99,103.01,154.99,0.0,153.0,0.0,161.56,161.56
2026-07-19 15:45:00+00:00,2.28,81.35,98.96,0.6,12.62,115.98,113.19,85.2,16.18,170.5,0.6,176.72,103.01,173.49,0.01,173.2,0.0,179.83,179.83
2026-07-19 16:00:00+00:00,2.36,56.52,107.69,1.0,6.83,144.61,138.04,88.4,7.4,124.99,0.68,114.76,130.0,139.86,1.08,98.13,1.08,157.34,157.34
2026-07-19 16:15:00+00:00,23.52,92.98,109.78,25.87,35.51,144.61,138.04,90.75,24.84,155.66,29.42,157.69,130.0,165.44,3.43,152.9,3.43,175.0,175.0
2026-07-19 16:30:00+00:00,51.72,111.48,118.28,56.74,74.11,144.61,138.04,87.78,49.44,183.47,62.58,186.49,130.0,191.18,20.0,154.62,20.0,201.03,201.03
2026-07-19 16:45:00+00:00,85.62,128.74,128.89,92.02,101.68,144.61,138.04,97.87,63.92,162.97,98.69,155.89,130.0,189.15,50.0,139.02,50.0,219.78,219.78
2026-07-19 17:00:00+00:00,84.93,108.86,110.05,86.32,95.339996,172.475,148.19,102.84,59.21,135.28,87.8,132.69,160.0,147.88,76.86,125.66,76.86,185.0,185.0
2026-07-19 17:15:00+00:00,108.18,122.69,122.67,108.05,116.760002,172.475,148.19,111.54,71.68,135.28,109.62,134.94,160.0,139.2,94.0,137.51,94.0,192.96,192.96
2026-07-19 17:30:00+00:00,128.35,141.11,140.7,128.73,132.429993,172.475,148.19,116.4,78.78,148.19,131.67,148.36,160.0,149.57,104.02,153.0,104.02,202.01,202.01
2026-07-19 17:45:00+00:00,138.08,145.46,145.22,137.91,140.029999,172.475,148.19,124.91,84.68,149.96,139.55,150.08,160.0,150.8,123.1,153.0,123.1,207.15,217.07
2026-07-19 18:00:00+00:00,139.47,124.75,130.23,132.27,129.49,191.515,148.8,122.19,76.95,140.2,128.5,144.48,163.16,131.88,120.02,125.64,120.02,184.47,184.47
2026-07-19 18:15:00+00:00,140.15,140.94,141.5,140.12,140.48,191.515,148.8,128.18,83.0,143.78,140.1,144.33,163.16,142.94,140.25,142.73,140.25,185.0,186.44
2026-07-19 18:30:00+00:00,151.54,151.25,151.16,151.63,149.869995,191.515,148.8,134.37,88.44,151.26,150.91,151.26,163.16,151.29,151.48,151.34,151.48,185.0,187.48
2026-07-19 18:45:00+00:00,157.94,157.5,157.36,158.07,156.009995,191.515,148.8,136.97,91.69,157.52,156.98,157.51,163.16,157.57,157.85,157.64,157.85,185.0,185.0
2026-07-19 19:00:00+00:00,153.17,152.87,152.77,153.25,151.600006,202.66,148.8,135.84,91.02,152.88,152.54,152.88,165.16,152.91,166.68,152.96,153.11,178.63,178.63
2026-07-19 19:15:00+00:00,150.86,150.64,150.58,150.92,149.7,202.66,148.8,135.26,90.1,150.65,150.38,150.65,165.16,150.67,173.18,150.71,150.81,179.0,179.0
2026-07-19 19:30:00+00:00,150.0,149.92,149.91,150.04,148.72,202.66,148.8,135.43,88.37,149.93,149.65,149.92,165.16,149.93,174.5,149.94,149.98,179.83,179.83
2026-07-19 19:45:00+00:00,146.43,146.29,146.25,146.46,145.809998,202.66,148.8,132.95,85.68,146.3,146.15,146.3,165.16,146.31,174.5,146.34,146.4,178.39,178.39
2026-07-19 20:00:00+00:00,160.32,159.79,159.63,160.47,157.85,207.475,151.86,137.43,94.62,159.82,159.18,159.81,157.06,159.87,176.02,159.96,160.21,179.0,179.0
2026-07-19 20:15:00+00:00,151.6,151.28,151.18,151.69,149.87,207.475,151.86,133.87,89.64,151.3,150.91,151.29,157.06,151.33,178.01,151.38,151.53,175.98,175.98
2026-07-19 20:30:00+00:00,148.76,148.5,148.42,148.84,147.55,207.475,151.86,132.23,86.26,148.52,148.2,148.51,157.06,148.54,174.5,148.59,148.71,175.14,175.14
2026-07-19 20:45:00+00:00,140.42,140.38,140.37,140.43,140.240005,207.475,151.86,129.86,81.56,140.38,140.34,140.38,157.06,140.39,174.5,140.39,140.41,174.52,174.52
2026-07-19 21:00:00+00:00,152.41,152.12,152.02,152.5,151.02,199.84,147.71,133.8,90.8,152.13,151.71,152.13,133.02,152.16,174.0,152.21,152.35,180.6,180.6
2026-07-19 21:15:00+00:00,137.02,137.02,137.02,137.02,137.029999,199.84,147.71,127.56,80.9,137.02,137.02,137.02,133.02,137.02,173.0,137.02,137.02,175.98,175.98
2026-07-19 21:30:00+00:00,135.65,135.65,135.65,135.65,135.66,199.84,147.71,125.75,79.64,135.65,135.65,135.65,133.02,135.65,172.0,135.65,135.65,169.6,169.6
2026-07-19 21:45:00+00:00,128.43,128.43,128.43,128.43,128.43,199.84,147.71,120.63,75.51,128.43,128.43,128.43,133.02,128.43,170.0,128.43,128.43,155.0,155.0
2026-07-19 22:00:00+00:00,167.33,167.33,167.33,167.33,167.339996,169.28,138.21,133.38,88.94,167.33,167.33,167.33,140.65,167.33,168.0,167.33,167.33,167.33,181.24
