datetime,PL,DE_LU,CH,CZ,RS,HU,NO_1,IE_SEM,NL,SE_3,AT,IT_NORD,ES,HR,FR,IT_CNOR,DK_2,BE,GR
2026-07-22 22:00:00+00:00,147.39,153.4,155.01,123.77,86.0,164.72,128.65,190.125,160.46,80.08,187.63,187.63,190.76,172.13,162.66,187.63,134.54,163.89,165.22
2026-07-22 22:15:00+00:00,142.34,147.31,155.01,123.79,86.0,155.79,127.85,190.125,151.45,70.7,173.69,185.27,189.0,161.51,153.12,204.5,133.56,153.12,156.16
2026-07-22 22:30:00+00:00,133.74,139.23,155.01,114.52,86.0,147.49,127.1,190.125,142.5,32.72,165.9,179.99,184.99,153.35,144.53,211.95,132.11,144.53,147.87
2026-07-22 22:45:00+00:00,125.25,131.08,155.01,106.25,86.0,138.6,124.53,190.125,132.39,13.96,156.64,158.01,182.98,144.26,134.38,190.0,125.599998,133.28,138.95
2026-07-22 23:00:00+00:00,137.6,142.47,153.2,120.51,73.04,149.67,130.02,166.18,144.26,74.99,165.9,167.81,180.01,154.82,146.57,205.0,127.93,146.57,149.99
2026-07-22 23:15:00+00:00,132.14,137.83,153.2,112.28,73.04,146.12,129.47,166.18,141.54,58.97,164.92,170.0,178.01,152.12,143.35,191.02,125.59,143.94,146.5
2026-07-22 23:30:00+00:00,130.34,136.34,153.2,109.42,73.04,145.09,128.19,166.18,140.32,35.99,164.9,166.33,175.32,151.42,142.21,188.97,125.59,142.89,145.49
2026-07-22 23:45:00+00:00,130.21,132.74,153.2,121.74,73.04,136.1,125.74,166.18,133.36,22.92,144.09,167.5,174.84,138.61,134.23,175.01,125.59,133.74,136.26
2026-07-23 00:00:00+00:00,128.69,135.04,151.94,106.62,70.03,144.15,127.0,165.325,139.2,54.97,164.98,172.7,174.84,150.85,141.24,180.0,125.580002,142.0,144.61
2026-07-23 00:15:00+00:00,126.98,133.28,151.94,105.86,70.03,141.65,125.44,165.325,135.4,40.6,161.53,166.46,174.6,147.96,137.47,178.84,125.580002,136.82,142.07
2026-07-23 00:30:00+00:00,129.15,133.78,151.94,113.78,70.03,139.79,125.76,165.325,134.85,35.01,154.25,164.58,174.5,144.37,136.45,175.1,125.57,135.56,140.1
2026-07-23 00:45:00+00:00,129.85,132.54,151.94,120.9,70.03,136.05,125.31,165.325,133.16,24.74,144.46,160.58,174.5,138.71,134.09,168.0,125.57,133.58,136.22
2026-07-23 01:00:00+00:00,128.62,132.42,145.55,116.02,68.01,137.32,124.42,169.0,133.06,35.81,149.22,168.18,174.01,141.1,134.44,172.75,125.580002,133.57,137.6
2026-07-23 01:15:00+00:00,128.64,134.73,145.55,108.47,68.01,142.58,126.66,169.0,135.76,30.5,161.62,167.9,174.0,148.63,137.96,168.0,125.58,136.57,143.01
2026-07-23 01:30:00+00:00,127.07,132.35,145.55,109.58,68.01,139.15,124.99,169.0,133.24,21.28,155.66,161.46,174.0,144.4,135.15,161.46,125.589996,133.95,139.53
2026-07-23 01:45:00+00:00,127.07,132.36,145.55,109.58,68.01,139.17,125.25,169.0,133.25,16.42,155.69,159.46,174.0,144.42,135.16,162.75,125.589996,133.96,139.55
2026-07-23 02:00:00+00:00,129.21,133.0,148.92,116.78,70.01,137.79,125.56,168.735,133.61,23.96,149.48,164.9,174.0,141.51,134.96,164.9,125.66,134.11,138.06
2026-07-23 02:15:00+00:00,126.34,133.54,148.92,102.69,70.01,142.66,126.03,168.735,134.7,22.44,164.9,164.9,174.0,149.74,137.27,164.9,125.67,135.65,143.17
2026-07-23 02:30:00+00:00,131.62,137.38,148.92,112.7,70.01,144.68,129.44,168.735,138.31,20.84,162.47,162.47,174.01,150.34,140.36,162.47,134.259995,139.07,145.08
2026-07-23 02:45:00+00:00,136.06,141.04,148.92,119.69,70.01,147.36,132.59,168.735,141.85,28.45,162.75,162.75,174.01,152.26,143.62,162.75,136.86,142.5,147.71
2026-07-23 03:00:00+00:00,124.37,132.23,155.88,99.11,75.0,142.04,124.97,162.5,133.45,9.72,165.9,166.9,174.0,149.62,136.26,167.08,128.85,134.49,142.53
2026-07-23 03:15:00+00:00,131.08,138.07,155.88,111.02,75.0,146.31,130.07,162.5,139.08,12.21,166.0,171.26,174.0,152.55,141.43,171.26,134.740005,139.95,146.68
2026-07-23 03:30:00+00:00,140.08,147.78,155.88,134.05,75.0,154.13,132.35,162.5,149.35,22.18,165.9,165.9,174.5,157.81,150.64,165.9,137.75,149.77,154.11
2026-07-23 03:45:00+00:00,151.77,154.1,155.88,143.49,75.0,157.85,133.35,162.5,155.95,34.04,165.9,165.9,174.5,160.46,156.45,165.9,139.54,156.02,158.03
2026-07-23 04:00:00+00:00,141.55,148.92,158.18,119.61,81.0,157.8,134.78,176.03,150.27,17.83,179.46,179.46,174.0,164.57,151.85,179.46,145.360001,151.85,158.0
2026-07-23 04:15:00+00:00,159.97,162.15,158.18,153.47,81.0,164.78,135.4,176.03,162.55,42.68,171.19,188.61,174.01,166.78,163.01,188.61,158.97,163.01,164.84
2026-07-23 04:30:00+00:00,160.84,161.64,158.18,158.44,81.0,162.61,136.73,176.03,161.79,55.0,164.98,196.91,174.84,163.35,161.96,196.91,158.639999,161.96,162.64
2026-07-23 04:45:00+00:00,164.01,164.01,158.18,164.01,81.0,164.01,139.6,176.03,164.01,89.1,164.01,195.02,174.84,164.01,164.01,195.02,161.059998,164.01,136.41
2026-07-23 05:00:00+00:00,171.58,172.95,159.8,167.72,70.09,174.51,140.75,185.84,173.16,72.15,177.48,191.0,174.84,175.95,173.65,191.0,169.649994,173.34,114.77
2026-07-23 05:15:00+00:00,173.72,173.72,159.8,173.72,70.09,173.72,141.34,185.84,173.72,87.85,173.72,197.7,174.84,173.72,173.72,197.7,170.600006,173.72,95.73
2026-07-23 05:30:00+00:00,163.18,163.82,159.8,161.35,70.09,164.56,142.56,185.84,163.92,101.99,165.96,195.28,174.5,165.24,164.15,195.28,160.79,164.01,72.01
2026-07-23 05:45:00+00:00,159.5,161.0,159.8,155.27,70.09,162.71,141.61,185.84,161.23,94.0,165.95,190.0,172.0,164.29,161.76,190.0,157.89,161.42,15.49
2026-07-23 06:00:00+00:00,174.01,174.01,155.67,174.01,71.07,174.01,147.31,220.32,174.01,102.59,174.01,194.85,174.01,174.01,174.01,194.85,170.88,174.01,102.08
2026-07-23 06:15:00+00:00,162.8,162.8,155.67,162.8,71.07,162.8,144.79,220.32,162.8,100.87,162.8,191.92,173.0,162.8,162.8,191.92,159.87,162.8,13.14
2026-07-23 06:30:00+00:00,160.34,159.96,155.67,162.66,71.07,160.57,143.0,220.32,159.67,100.17,160.61,188.61,160.0,132.74,159.02,188.61,158.630005,159.51,15.49
2026-07-23 06:45:00+00:00,144.0,143.04,155.67,150.12,71.07,144.6,138.06,220.32,142.3,92.51,144.71,184.62,148.32,71.36,140.44,184.62,141.9,141.93,12.26
2026-07-23 07:00:00+00:00,162.99,162.67,139.7,170.7,36.0,162.9,137.95,236.82,161.81,93.07,164.97,187.63,159.76,80.77,159.76,187.63,159.88,161.43,10.0
2026-07-23 07:15:00+00:00,144.92,144.64,139.7,151.81,36.0,144.84,133.3,236.82,143.88,89.99,146.69,175.23,142.23,71.57,142.04,175.23,144.47,143.54,8.43
2026-07-23 07:30:00+00:00,119.23,119.0,139.7,124.82,36.0,119.17,129.68,236.82,118.38,75.88,120.67,180.3,125.15,59.69,116.9,180.3,120.16,118.11,8.43
2026-07-23 07:45:00+00:00,110.85,111.0,139.7,115.85,36.0,110.6,122.59,236.82,111.43,71.16,111.83,173.0,106.51,56.41,106.51,173.0,111.46,113.46,10.0
2026-07-23 08:00:00+00:00,117.8,117.29,123.36,123.28,70.01,118.44,119.83,219.82,116.74,70.41,118.79,172.7,114.97,59.04,114.97,172.7,117.8,116.53,10.0
2026-07-23 08:15:00+00:00,106.14,107.38,123.36,110.59,70.01,105.72,112.1,219.82,112.18,60.49,105.37,183.71,105.53,52.53,92.28,183.71,108.32,124.21,10.0
2026-07-23 08:30:00+00:00,97.42,99.74,123.36,101.0,70.01,96.3,108.52,219.82,107.85,53.9,95.51,172.21,100.0,49.34,76.88,172.21,100.919998,127.42,12.77
2026-07-23 08:45:00+00:00,102.03,83.51,123.36,82.83,70.01,79.66,108.43,219.82,93.22,47.56,78.67,169.22,95.01,50.16,19.28,169.22,84.739998,122.46,27.8
2026-07-23 09:00:00+00:00,93.29,96.47,117.53,93.0,66.04,91.33,103.42,195.73,108.65,48.81,89.94,150.0,95.01,83.66,41.52,150.0,98.040001,140.55,80.0
2026-07-23 09:15:00+00:00,87.23,84.74,117.53,84.25,66.04,84.34,100.16,195.73,87.81,32.4,84.09,156.08,85.42,84.46,16.17,156.08,84.51,104.95,84.38
2026-07-23 09:30:00+00:00,100.08,77.53,117.53,77.76,66.04,78.12,101.61,195.73,78.92,51.1,78.11,148.17,81.95,78.62,0.0,148.17,77.809998,94.41,78.23
2026-07-23 09:45:00+00:00,96.4,59.42,117.53,52.2,66.04,50.0,100.97,195.73,80.07,39.51,47.52,148.68,45.0,46.93,0.0,148.68,62.68,128.47,49.47
2026-07-23 10:00:00+00:00,85.41,60.42,105.41,54.04,54.02,52.07,103.38,181.75,79.01,35.12,49.84,139.09,38.99,49.32,7.45,139.09,62.78,122.47,51.59
2026-07-23 10:15:00+00:00,97.29,35.99,105.41,36.5,54.02,37.28,101.79,181.75,42.72,31.4,39.28,137.62,38.88,36.62,0.0,137.62,37.189999,61.16,37.05
2026-07-23 10:30:00+00:00,95.8,20.66,105.41,36.0,54.02,44.07,101.12,181.75,22.21,21.42,60.45,146.52,38.77,44.84,21.77,146.52,22.530001,24.39,43.49
2026-07-23 10:45:00+00:00,96.04,7.3,105.41,21.1,54.02,28.43,100.99,181.75,9.5,16.58,43.37,143.56,38.77,29.01,6.46,143.56,12.48,13.27,27.87
2026-07-23 11:00:00+00:00,94.49,11.37,106.79,40.41,55.08,55.98,102.24,197.025,20.44,20.57,88.25,139.2,35.0,56.62,0.0,139.2,19.48,37.9,54.67
2026-07-23 11:15:00+00:00,95.44,4.84,106.79,29.0,55.08,41.82,102.25,197.025,10.35,21.13,68.18,139.2,37.43,42.61,0.0,139.2,14.96,20.34,40.8
2026-07-23 11:30:00+00:00,94.65,1.0,106.79,24.12,55.08,36.47,102.53,197.025,4.94,20.23,59.13,140.06,35.0,37.53,0.0,140.06,11.88,11.24,35.57
2026-07-23 11:45:00+00:00,83.79,0.0,106.79,23.34,55.08,35.87,102.27,197.025,3.69,20.23,57.4,141.94,34.98,37.06,0.0,141.94,11.27,9.22,34.99
2026-07-23 12:00:00+00:00,72.75,0.0,105.0,19.22,54.05,29.09,103.37,183.345,1.42,16.94,49.36,139.22,38.99,30.11,2.82,139.22,10.68,2.82,28.45
2026-07-23 12:15:00+00:00,72.53,0.0,105.0,20.3,54.05,30.86,103.44,183.345,1.63,17.64,50.58,153.46,38.99,32.03,3.16,153.46,11.1,3.16,30.2
2026-07-23 12:30:00+00:00,92.15,0.0,105.0,37.41,54.05,59.02,103.15,183.345,5.14,20.75,68.0,153.67,38.99,62.56,8.78,153.67,12.69,8.78,58.05
2026-07-23 12:45:00+00:00,94.01,0.0,105.0,31.08,54.05,48.65,102.93,183.345,3.89,24.08,61.02,155.76,38.88,51.34,6.76,155.76,14.06,6.76,47.8
2026-07-23 13:00:00+00:00,87.38,0.0,115.45,19.15,67.99,29.03,103.11,181.23,1.14,16.29,49.28,156.88,38.88,30.05,2.88,156.88,9.75,2.34,28.37
2026-07-23 13:15:00+00:00,88.01,0.0,115.45,27.11,67.99,41.85,103.75,181.23,2.79,20.04,61.01,153.0,38.66,43.75,4.48,153.0,13.2,4.48,40.99
2026-07-23 13:30:00+00:00,94.96,0.03,115.45,25.62,67.99,39.36,103.85,181.23,2.84,21.61,60.22,164.56,37.88,40.96,3.04,164.56,13.78,4.76,38.5
2026-07-23 13:45:00+00:00,80.5,0.09,115.45,59.0,67.99,91.99,103.76,181.23,13.23,24.39,124.37,168.0,38.66,109.13,0.09,168.0,16.129999,22.72,93.02
2026-07-23 14:00:00+00:00,90.49,0.0,121.12,43.09,90.02,69.04,98.44,178.755,4.18,14.75,77.66,176.0,38.66,73.61,3.07,176.0,10.0,7.0,68.0
2026-07-23 14:15:00+00:00,102.49,3.11,121.12,73.0,90.02,117.05,100.1,178.755,15.97,19.29,117.05,187.63,38.77,124.58,6.85,187.63,16.59,30.35,115.28
2026-07-23 14:30:00+00:00,93.25,24.79,121.12,69.86,90.02,96.83,99.97,178.755,27.44,27.05,106.24,191.91,38.99,101.95,11.2,191.91,28.74,30.13,95.84
2026-07-23 14:45:00+00:00,101.56,60.09,121.12,104.0,90.02,130.78,99.54,178.755,60.09,49.19,132.57,191.91,39.1,136.74,30.23,191.91,64.339996,59.93,130.04
2026-07-23 15:00:00+00:00,88.99,52.99,136.6,65.58,62.05,73.72,104.77,184.365,51.54,40.0,84.73,190.0,38.99,76.55,38.99,190.0,53.959999,51.08,73.8
2026-07-23 15:15:00+00:00,99.92,94.82,136.6,101.18,62.05,109.71,108.28,184.365,93.75,64.91,113.55,196.2,79.32,112.04,79.32,196.2,96.52,93.91,109.97
2026-07-23 15:30:00+00:00,118.18,113.51,136.6,120.06,62.05,130.24,114.86,184.365,112.13,75.0,133.43,205.75,89.0,132.11,89.0,205.75,113.82,113.09,130.42
2026-07-23 15:45:00+00:00,129.85,125.5,136.6,130.13,62.05,158.06,121.55,184.365,125.18,84.6,165.0,205.0,95.0,160.94,95.0,205.0,125.5,128.88,158.12
2026-07-23 16:00:00+00:00,114.52,111.39,154.01,117.15,140.02,130.18,120.8,189.45,111.54,84.57,130.18,187.63,98.85,133.04,98.85,187.63,124.21,113.57,130.72
2026-07-23 16:15:00+00:00,140.58,139.21,154.01,141.77,140.02,154.17,126.71,189.45,138.77,88.35,154.17,202.27,106.0,154.17,129.56,202.27,141.630005,139.21,153.65
2026-07-23 16:30:00+00:00,157.38,154.96,154.01,158.28,140.02,162.4,135.38,189.45,153.5,93.62,164.9,220.18,110.0,162.4,139.27,220.18,152.649994,152.98,162.22
2026-07-23 16:45:00+00:00,156.96,165.0,154.01,166.7,140.02,168.41,141.95,189.45,165.0,97.84,170.53,230.0,127.09,168.42,164.92,230.0,160.68,165.0,168.32
2026-07-23 17:00:00+00:00,150.31,152.77,172.6,152.77,150.04,152.77,139.6,227.835,152.77,97.03,152.77,200.91,128.01,152.77,152.77,204.5,157.009995,152.77,152.77
2026-07-23 17:15:00+00:00,135.36,164.67,172.6,164.67,150.04,164.67,145.38,227.835,164.67,100.33,164.67,200.91,148.13,164.67,164.67,200.91,164.67,164.67,164.67
2026-07-23 17:30:00+00:00,142.99,168.27,172.6,168.27,150.04,168.27,147.11,227.835,168.27,101.63,168.27,201.84,168.27,168.27,168.27,204.14,168.29,168.27,168.27
2026-07-23 17:45:00+00:00,149.9,178.69,172.6,178.69,150.04,178.69,149.42,227.835,178.69,103.43,178.69,201.84,174.5,178.69,178.69,240.85,178.699997,178.69,175.14
2026-07-23 18:00:00+00:00,152.18,172.79,190.0,172.79,143.0,172.79,151.71,222.575,172.79,105.56,172.79,197.7,168.27,172.79,172.79,204.59,172.789993,172.79,172.79
2026-07-23 18:15:00+00:00,166.18,184.29,190.0,176.96,143.0,189.05,151.76,222.575,184.53,105.31,189.05,197.7,175.26,189.05,184.89,230.4,183.770004,184.89,188.45
2026-07-23 18:30:00+00:00,173.88,185.48,190.0,171.38,143.0,194.25,151.47,222.575,185.8,104.84,194.98,197.7,186.92,194.25,186.92,229.05,184.440002,186.2,193.13
2026-07-23 18:45:00+00:00,184.89,197.5,190.0,197.5,143.0,197.5,151.45,222.575,197.5,104.02,197.5,197.7,197.5,197.5,197.5,234.52,197.509995,197.5,197.5
2026-07-23 19:00:00+00:00,189.2,192.84,190.51,192.84,150.02,192.84,151.38,229.695,192.84,106.99,192.84,197.7,200.0,192.84,192.84,225.0,192.839996,192.84,192.84
2026-07-23 19:15:00+00:00,170.61,191.79,190.51,191.79,150.02,191.79,151.07,229.695,191.79,106.09,191.79,197.7,250.0,191.79,191.79,225.4,191.8,191.79,191.79
2026-07-23 19:30:00+00:00,157.33,189.7,190.51,189.7,150.02,189.7,150.5,229.695,189.7,104.85,189.7,192.13,280.63,189.7,189.7,205.0,189.710007,189.7,189.7
2026-07-23 19:45:00+00:00,137.38,185.67,190.51,185.67,150.02,185.67,150.07,229.695,185.67,103.88,185.67,189.09,290.0,185.67,185.67,192.0,185.68,185.67,185.67
2026-07-23 20:00:00+00:00,120.29,195.92,180.75,195.92,122.08,195.92,150.02,224.155,195.92,107.64,195.92,195.92,250.57,195.92,195.92,195.92,195.929993,195.92,195.92
2026-07-23 20:15:00+00:00,127.09,188.96,180.75,188.96,122.08,188.96,149.44,224.155,188.96,106.04,188.96,191.91,250.0,188.96,188.96,224.91,188.97,188.96,188.96
2026-07-23 20:30:00+00:00,146.77,184.29,180.75,184.29,122.08,184.29,149.05,224.155,184.29,104.44,184.29,188.61,225.0,184.29,184.29,202.59,184.3,184.29,184.29
2026-07-23 20:45:00+00:00,155.48,177.0,180.75,177.0,122.08,177.0,148.05,224.155,177.0,102.17,177.0,186.12,201.33,177.0,177.0,191.74,177.01,177.0,177.0
2026-07-23 21:00:00+00:00,138.42,181.68,167.04,181.68,138.0,181.68,147.84,221.655,181.68,107.46,181.68,197.7,201.33,181.68,181.68,197.7,181.690002,181.68,181.68
2026-07-23 21:15:00+00:00,162.84,170.66,167.04,170.66,138.0,170.66,146.23,221.655,170.66,103.99,170.66,197.7,198.13,170.66,170.66,197.7,170.669998,170.66,170.66
2026-07-23 21:30:00+00:00,166.94,166.94,167.04,166.94,138.0,166.94,144.62,221.655,166.94,102.13,166.94,189.6,190.6,166.94,166.94,189.6,166.95,166.94,166.94
2026-07-23 21:45:00+00:00,162.4,162.4,167.04,162.4,138.0,162.4,141.06,221.655,162.4,99.47,162.4,175.0,185.29,162.4,162.4,175.0,162.399994,162.4,162.4
2026-07-23 22:00:00+00:00,168.22,168.22,165.52,168.22,155.56,168.22,142.06,221.655,168.22,99.04,168.22,201.84,184.5,168.22,168.22,201.84,168.23,168.22,168.22
2026-07-23 22:15:00+00:00,163.65,163.65,165.52,163.65,155.56,163.65,140.33,221.655,163.65,97.67,163.65,201.99,184.0,163.65,163.65,238.0,163.65,163.65,163.65
2026-07-23 22:30:00+00:00,160.58,160.58,165.52,160.58,155.56,160.58,139.68,221.655,160.58,97.11,160.58,201.84,183.0,160.58,160.58,225.93,160.59,160.58,160.58
2026-07-23 22:45:00+00:00,151.56,151.56,165.52,151.56,155.56,151.56,134.56,221.655,151.56,93.91,151.56,201.84,182.0,151.56,151.56,202.0,151.56,151.56,151.56
2026-07-23 23:00:00+00:00,162.77,162.69,161.6,162.78,125.99,162.82,137.03,221.655,162.54,96.53,162.85,204.39,181.0,162.87,160.68,222.87,162.68,162.51,162.83
2026-07-23 23:15:00+00:00,158.06,158.03,161.6,158.07,125.99,158.09,135.67,221.655,157.95,95.44,158.1,204.39,180.0,158.11,157.0,205.46,158.02,157.93,158.1
2026-07-23 23:30:00+00:00,155.89,155.89,161.6,155.89,125.99,155.89,135.49,221.655,155.89,95.07,155.89,198.3,181.0,155.89,155.89,202.75,155.9,155.89,155.89
2026-07-23 23:45:00+00:00,151.94,151.94,161.6,151.94,125.99,151.94,133.6,221.655,151.94,93.77,151.94,192.92,181.0,151.94,151.94,192.92,151.95,151.94,151.94
2026-07-24 00:00:00+00:00,155.26,155.26,158.37,155.26,118.05,155.26,133.8,221.655,155.26,95.08,155.26,192.92,183.9,155.26,155.26,192.92,155.27,155.26,155.26
2026-07-24 00:15:00+00:00,151.69,151.69,158.37,151.69,118.05,151.69,133.37,221.655,151.69,93.48,151.69,192.92,183.0,151.69,151.69,192.92,151.7,151.69,151.69
2026-07-24 00:30:00+00:00,151.83,150.67,158.37,152.0,118.05,152.64,133.17,221.655,148.43,90.39,152.99,192.0,182.01,153.31,120.56,192.0,150.4,147.99,152.77
2026-07-24 00:45:00+00:00,151.66,149.63,158.37,151.96,118.05,153.07,132.96,221.655,145.73,89.99,153.69,190.58,182.0,154.26,97.06,190.58,149.16,144.96,153.31
2026-07-24 01:00:00+00:00,154.26,156.19,157.84,155.21,89.06,151.68,132.68,221.655,154.45,93.59,157.14,171.36,181.31,129.06,140.57,192.0,153.55,152.4,146.66
2026-07-24 01:15:00+00:00,151.46,153.21,157.84,152.46,89.06,149.06,132.13,221.655,151.85,90.83,154.43,168.26,181.31,127.13,137.55,192.0,144.67,149.68,144.2
2026-07-24 01:30:00+00:00,149.72,151.78,157.84,150.57,89.06,147.22,131.5,221.655,151.69,89.95,152.0,164.5,181.0,126.9,145.18,191.46,143.96,150.72,142.72
2026-07-24 01:45:00+00:00,150.1,152.13,157.84,150.94,89.06,147.63,131.26,221.655,152.13,79.22,152.35,164.7,181.0,127.55,145.85,190.0,143.61,151.2,143.19
2026-07-24 02:00:00+00:00,147.71,150.58,163.1,148.78,102.81,144.27,132.43,221.655,149.73,89.99,150.58,164.86,180.01,119.9,139.28,181.99,144.68,148.23,138.44
2026-07-24 02:15:00+00:00,148.8,152.91,163.1,150.36,102.81,143.83,131.97,221.655,150.33,89.49,152.91,166.49,179.0,115.54,127.48,178.1,144.29,147.0,136.0
2026-07-24 02:30:00+00:00,149.47,153.93,163.1,151.15,102.81,144.08,132.42,221.655,151.0,89.62,153.93,168.23,179.0,113.79,125.66,176.0,144.82,147.3,135.62
2026-07-24 02:45:00+00:00,159.14,165.22,163.1,161.03,102.81,152.19,132.67,221.655,163.06,82.56,163.62,176.05,179.0,119.93,140.18,176.05,153.62,159.83,142.4
2026-07-24 03:00:00+00:00,152.95,152.92,165.0,152.98,120.12,152.99,131.8,221.655,153.15,95.44,153.02,165.01,171.0,153.0,153.07,175.69,152.42,153.11,152.99
2026-07-24 03:15:00+00:00,158.47,158.44,165.0,158.51,120.12,158.51,132.23,221.655,158.68,92.0,158.54,158.62,171.63,158.53,158.62,158.62,157.92,158.64,158.51
2026-07-24 03:30:00+00:00,164.84,164.71,165.0,165.02,120.12,165.05,132.44,221.655,165.85,92.0,165.21,165.46,172.0,165.14,165.46,165.46,150.92,165.65,165.06
2026-07-24 03:45:00+00:00,168.76,168.6,165.0,168.97,120.12,169.01,132.5,221.655,169.86,96.27,169.2,169.2,175.0,169.12,169.2,169.2,152.69,169.59,169.03
2026-07-24 04:00:00+00:00,167.8,167.75,174.42,167.92,113.72,167.93,135.0,221.655,168.45,95.53,168.01,168.25,178.98,167.98,168.25,168.25,160.21,168.33,167.94
2026-07-24 04:15:00+00:00,164.3,176.4,174.42,176.71,113.72,176.74,135.15,221.655,177.73,96.08,176.89,177.35,181.0,176.84,177.35,177.35,159.35,177.5,176.75
2026-07-24 04:30:00+00:00,147.53,174.67,174.42,174.82,113.72,174.84,135.42,221.655,175.31,97.07,174.91,175.13,181.31,174.88,175.13,175.13,168.11,175.2,167.58
2026-07-24 04:45:00+00:00,162.96,171.34,174.42,171.52,113.72,171.54,135.55,221.655,172.12,97.41,171.63,171.9,181.31,171.6,171.9,171.9,162.58,171.99,136.08
2026-07-24 05:00:00+00:00,172.0,177.93,170.96,178.02,105.09,178.02,139.35,221.655,178.28,97.85,178.07,192.92,182.0,178.06,178.19,192.92,175.56,178.22,130.79
2026-07-24 05:15:00+00:00,169.0,172.09,170.96,172.16,105.09,172.17,137.45,221.655,172.39,97.57,172.21,197.42,182.0,172.19,172.31,197.42,170.3,172.34,123.09
2026-07-24 05:30:00+00:00,154.7,167.0,170.96,167.11,105.09,167.11,136.74,221.655,167.43,91.99,167.17,190.47,181.31,167.15,167.32,190.47,163.06,167.36,125.59
2026-07-24 05:45:00+00:00,125.88,152.53,170.96,152.58,105.09,152.58,137.67,221.655,152.73,94.54,152.61,190.07,176.0,152.6,152.68,190.07,152.0,152.7,136.44
2026-07-24 06:00:00+00:00,132.82,174.0,162.1,174.12,100.0,174.01,140.42,221.655,173.99,99.01,174.07,187.0,184.0,172.78,173.96,187.0,174.02,173.98,124.01
2026-07-24 06:15:00+00:00,118.06,166.76,162.1,166.76,100.0,166.76,137.75,221.655,166.76,97.39,166.76,166.76,184.99,166.76,166.76,166.76,166.77,166.76,166.76
2026-07-24 06:30:00+00:00,134.72,159.3,162.1,161.63,100.0,159.5,135.33,221.655,159.08,78.7,160.6,187.0,182.0,136.28,158.51,187.0,159.5,158.95,117.72
2026-07-24 06:45:00+00:00,139.14,139.93,162.1,141.03,100.0,136.95,132.52,221.655,139.84,48.52,141.18,166.08,169.82,127.64,139.6,166.08,139.93,139.79,117.67
2026-07-24 07:00:00+00:00,127.12,169.66,131.48,169.46,89.83,147.08,135.07,221.655,169.74,97.74,174.26,201.84,170.0,159.55,170.0,201.84,168.81,169.88,136.22
2026-07-24 07:15:00+00:00,120.21,133.6,131.48,133.21,89.83,91.35,131.89,221.655,133.75,77.47,142.2,195.0,134.23,114.68,134.23,195.0,130.47,134.0,99.03
2026-07-24 07:30:00+00:00,112.2,116.06,131.48,114.99,89.83,105.21,127.17,221.655,118.55,30.01,116.45,190.63,110.13,110.11,110.13,190.63,117.42,123.76,106.88
2026-07-24 07:45:00+00:00,105.4,111.09,131.48,104.55,89.83,102.2,121.2,221.655,119.67,14.42,98.29,172.53,95.08,100.11,95.08,172.53,111.23,136.0,101.89
2026-07-24 08:00:00+00:00,114.35,116.41,106.75,113.87,82.06,113.04,117.44,221.655,124.14,21.51,112.06,187.0,99.0,111.89,99.0,187.0,117.35,139.32,112.84
2026-07-24 08:15:00+00:00,103.55,106.02,106.75,102.97,82.06,101.99,113.45,221.655,115.25,14.4,100.82,166.0,85.2,100.61,85.2,166.0,107.14,133.41,101.75
2026-07-24 08:30:00+00:00,95.73,98.58,106.75,95.06,82.06,93.92,113.02,221.655,109.25,11.72,92.57,152.21,74.52,92.33,74.52,152.21,99.57,130.23,93.64
2026-07-24 08:45:00+00:00,84.69,88.25,106.75,83.83,82.06,82.45,108.35,221.655,102.12,9.96,80.73,153.0,45.0,80.53,45.0,153.0,90.27,130.97,82.12
2026-07-24 09:00:00+00:00,82.33,86.08,67.69,81.23,70.0,79.54,106.57,221.655,104.0,14.4,77.39,154.05,33.78,77.15,33.78,154.05,88.84,139.56,79.12
2026-07-24 09:15:00+00:00,73.32,77.2,67.69,72.15,70.0,70.43,105.31,221.655,96.22,12.83,68.17,155.81,13.35,67.99,13.35,155.81,80.14,135.09,70.01
2026-07-24 09:30:00+00:00,73.42,74.12,67.69,73.06,70.0,72.91,105.4,221.655,80.49,12.09,72.31,156.25,1.5,72.7,1.5,156.25,75.71,100.35,72.89
2026-07-24 09:45:00+00:00,66.08,65.25,67.69,66.16,70.0,66.73,105.58,221.655,64.93,10.57,66.96,156.55,1.0,67.53,1.0,156.55,64.76,73.0,66.89
2026-07-24 10:00:00+00:00,64.59,65.15,39.19,64.3,60.04,64.2,104.33,221.655,70.41,13.58,63.8,143.48,2.2,64.05,2.2,143.48,66.02,73.19,64.18
2026-07-24 10:15:00+00:00,45.87,50.97,39.19,44.42,60.04,42.11,104.41,221.655,73.87,11.77,39.85,140.03,1.5,38.84,1.5,140.03,54.41,89.17,80.01
2026-07-24 10:30:00+00:00,36.0,37.8,39.19,32.94,60.04,31.24,104.44,221.655,54.76,10.31,29.56,140.03,1.15,28.81,1.15,140.03,40.35,66.09,100.0
2026-07-24 10:45:00+00:00,38.37,25.05,39.19,21.87,60.04,20.76,104.62,221.655,36.14,8.81,19.66,140.03,1.08,19.17,1.08,140.03,26.72,43.55,100.0
2026-07-24 11:00:00+00:00,60.0,36.1,17.5,31.47,54.0,29.78,70.22,221.655,53.07,10.99,28.12,138.55,1.08,27.36,0.0,138.55,38.82,85.02,100.01
2026-07-24 11:15:00+00:00,47.96,22.9,17.5,19.97,54.0,18.89,61.34,221.655,33.67,10.01,17.84,140.04,1.0,17.36,0.0,140.04,24.63,53.94,100.01
2026-07-24 11:30:00+00:00,25.77,16.89,17.5,14.73,54.0,13.94,57.31,221.655,24.84,8.95,13.16,140.04,0.66,12.8,0.0,140.04,18.91,39.79,100.01
2026-07-24 11:45:00+00:00,8.26,8.21,17.5,7.98,54.0,8.0,51.38,221.655,12.22,7.56,8.06,140.04,0.51,7.48,0.0,140.04,9.29,19.68,100.03
2026-07-24 12:00:00+00:00,20.0,6.01,11.58,7.29,51.06,8.0,45.99,221.655,9.17,6.92,8.81,140.04,0.66,7.69,0.0,140.04,6.79,11.27,106.3
2026-07-24 12:15:00+00:00,22.23,5.2,11.58,10.01,51.06,12.41,45.7,221.655,8.6,6.75,15.07,88.7,0.51,12.3,0.0,88.7,6.62,10.81,100.01
2026-07-24 12:30:00+00:00,51.74,5.85,11.58,10.8,51.06,13.26,45.81,221.655,9.35,7.3,16.0,89.0,0.51,13.15,0.51,89.0,7.4,11.61,100.0
2026-07-24 12:45:00+00:00,63.03,8.88,11.58,16.57,51.06,20.39,48.12,221.655,14.34,6.96,24.65,96.49,0.51,20.22,0.51,96.49,10.65,17.87,88.93
2026-07-24 13:00:00+00:00,42.77,3.23,45.31,17.21,61.06,24.07,54.68,221.655,3.86,5.55,31.44,138.0,0.54,24.95,0.54,138.0,5.55,4.42,80.0
2026-07-24 13:15:00+00:00,49.16,4.7,45.31,24.02,61.06,33.54,67.28,221.655,7.15,7.35,43.83,133.0,0.51,34.54,0.51,133.0,7.35,10.17,79.99
2026-07-24 13:30:00+00:00,88.02,17.13,45.31,41.38,61.06,53.2,73.62,221.655,20.11,7.72,66.31,122.45,0.1,55.44,0.1,122.45,20.89,25.02,87.0
2026-07-24 13:45:00+00:00,90.02,32.1,45.31,63.94,61.06,79.84,73.67,221.655,39.91,9.39,96.93,131.0,0.01,81.18,0.0,131.0,37.8,52.82,78.76
2026-07-24 14:00:00+00:00,80.0,32.07,96.3,42.66,84.0,49.46,49.13,221.655,29.7,6.89,57.09,128.28,0.28,50.99,0.28,128.28,33.33,28.51,49.31
2026-07-24 14:15:00+00:00,73.88,60.07,96.3,74.12,84.0,83.0,68.17,221.655,55.16,7.4,92.8,132.89,0.51,85.46,0.51,132.89,61.39,52.98,82.91
2026-07-24 14:30:00+00:00,92.62,81.52,96.3,93.58,84.0,100.94,92.44,221.655,74.31,7.9,108.81,139.94,0.77,103.8,0.77,139.94,81.9,71.41,113.2
2026-07-24 14:45:00+00:00,111.94,102.2,96.3,112.94,84.0,119.24,101.6,221.655,92.83,9.81,125.72,138.43,1.08,122.52,1.08,138.43,102.13,89.23,119.56
2026-07-24 15:00:00+00:00,112.2,77.07,126.01,80.87,88.55,82.6,105.65,221.655,70.43,9.27,83.41,141.0,1.08,84.41,1.08,141.0,76.7,67.54,127.17
2026-07-24 15:15:00+00:00,116.66,112.18,126.01,117.34,88.55,119.68,111.74,221.655,103.17,10.01,120.78,141.41,2.0,122.13,9.13,141.41,111.49,99.26,134.78
2026-07-24 15:30:00+00:00,127.71,125.2,126.01,128.1,88.55,129.41,116.61,221.655,120.13,12.41,130.03,144.09,2.99,130.79,67.27,144.09,126.22,117.93,129.68
2026-07-24 15:45:00+00:00,142.0,141.62,126.01,142.05,88.55,142.25,121.45,221.655,140.87,20.4,142.34,153.9,3.43,142.45,133.02,153.9,140.15,140.54,142.29
2026-07-24 16:00:00+00:00,129.17,127.09,159.8,129.51,125.95,130.55,126.59,221.655,123.26,12.71,131.03,153.9,3.43,131.64,81.99,153.9,127.04,121.45,133.0
2026-07-24 16:15:00+00:00,148.8,147.56,159.8,149.02,125.95,149.63,130.44,221.655,145.4,29.28,149.92,171.28,5.88,150.27,121.15,171.28,147.38,144.33,149.76
2026-07-24 16:30:00+00:00,164.79,163.05,159.8,165.12,125.95,165.91,135.08,221.655,160.02,74.3,166.34,166.94,25.0,166.74,137.27,166.94,161.05,157.01,166.07
2026-07-24 16:45:00+00:00,182.14,180.96,159.8,182.42,125.95,182.88,136.69,221.655,179.82,92.0,183.19,183.52,44.52,183.4,167.7,183.52,174.15,177.82,145.02
2026-07-24 17:00:00+00:00,149.2,149.16,186.99,149.24,114.1,149.25,136.39,221.655,149.31,61.68,149.27,187.63,55.52,149.27,148.9,187.63,148.77,149.27,133.31
2026-07-24 17:15:00+00:00,177.09,176.2,186.99,177.29,114.1,177.82,137.09,221.655,173.61,70.0,178.1,192.28,82.5,178.36,159.57,192.28,175.92,171.37,119.65
2026-07-24 17:30:00+00:00,190.23,190.23,186.99,190.23,114.1,190.23,137.03,221.655,190.23,70.97,190.23,201.84,97.0,190.23,190.23,201.84,190.23,190.23,122.99
2026-07-24 17:45:00+00:00,204.95,204.95,186.99,204.95,114.1,204.95,138.43,221.655,204.95,89.99,204.95,204.95,110.0,204.95,204.95,204.95,204.95,204.95,117.88
2026-07-24 18:00:00+00:00,187.88,188.24,197.76,187.77,130.08,187.47,137.09,221.655,188.54,78.78,187.28,204.39,110.13,187.16,182.47,204.39,188.45,188.25,119.6
2026-07-24 18:15:00+00:00,193.42,194.07,197.76,193.23,130.08,192.69,137.09,221.655,194.59,78.44,192.35,204.39,155.5,192.15,183.8,204.39,194.44,194.08,114.0
2026-07-24 18:30:00+00:00,204.27,205.89,197.76,203.78,130.08,202.42,137.14,221.655,207.21,81.51,201.57,204.39,180.01,201.05,180.01,204.39,206.82,205.92,115.59
2026-07-24 18:45:00+00:00,210.23,211.97,197.76,209.71,130.08,208.25,137.16,221.655,213.38,80.84,207.33,207.33,184.24,206.78,184.24,207.33,212.96,212.0,110.01
2026-07-24 19:00:00+00:00,207.57,209.26,194.0,207.07,139.08,205.7,139.13,221.655,210.53,91.99,204.39,204.39,183.0,204.3,183.0,204.39,210.14,209.23,133.32
2026-07-24 19:15:00+00:00,205.54,206.84,194.0,205.16,139.08,204.12,139.05,221.655,207.8,90.0,203.12,204.39,186.79,203.05,186.79,204.39,207.5,206.82,136.74
2026-07-24 19:30:00+00:00,200.4,201.25,194.0,200.15,139.08,199.47,138.91,221.655,201.88,89.94,198.81,204.32,188.13,198.77,188.13,204.32,201.68,201.23,136.43
2026-07-24 19:45:00+00:00,194.81,195.34,194.0,194.66,139.08,194.24,139.21,221.655,195.72,77.67,193.84,201.84,187.25,193.81,187.25,201.84,195.6,195.33,133.74
2026-07-24 20:00:00+00:00,206.38,207.44,190.0,206.08,150.02,205.21,137.54,221.655,208.26,93.9,204.39,204.39,190.93,204.33,190.93,204.39,208.01,207.44,127.6
2026-07-24 20:15:00+00:00,196.95,197.49,190.0,196.79,150.02,196.35,137.13,221.655,197.9,80.15,195.93,204.39,189.04,195.9,189.04,204.39,197.78,197.48,120.06
2026-07-24 20:30:00+00:00,188.64,188.64,190.0,188.64,150.02,188.64,136.37,221.655,188.64,55.41,188.64,204.39,188.64,188.64,188.64,204.39,188.64,188.64,124.61
2026-07-24 20:45:00+00:00,184.5,184.5,190.0,184.5,150.02,184.5,136.94,221.655,184.5,79.41,184.5,201.84,184.5,184.5,184.5,201.84,184.5,184.5,126.26
2026-07-24 21:00:00+00:00,185.48,185.48,179.7,185.48,133.2,185.48,137.51,221.655,185.48,94.12,185.48,204.39,185.48,185.48,185.48,204.39,185.48,185.48,134.52
2026-07-24 21:15:00+00:00,183.0,183.0,179.7,183.0,133.2,183.0,137.49,221.655,183.0,92.61,183.0,202.24,183.0,183.0,183.0,202.24,183.0,183.0,145.64
2026-07-24 21:30:00+00:00,181.31,181.31,179.7,181.31,133.2,181.31,136.65,221.655,181.31,77.88,181.31,201.84,181.31,181.31,181.31,201.84,181.31,181.31,143.25
2026-07-24 21:45:00+00:00,170.67,170.67,179.7,170.67,133.2,170.67,135.65,221.655,170.67,57.7,170.67,191.53,170.67,170.67,170.67,191.53,170.67,170.67,137.75
2026-07-24 22:00:00+00:00,175.92,175.92,162.1,175.92,105.0,175.92,135.47,192.935,175.92,44.69,175.92,200.0,175.92,175.92,175.92,200.0,175.92,175.92,175.92
2026-07-24 22:15:00+00:00,168.63,168.63,162.1,168.63,105.0,168.63,134.31,192.935,168.63,30.01,168.63,199.88,175.41,168.63,168.63,199.88,168.630005,168.63,151.7
2026-07-24 22:30:00+00:00,166.53,165.98,162.1,166.64,105.0,166.94,134.17,192.935,164.66,30.0,167.09,190.0,169.86,167.24,156.61,190.0,165.800003,163.43,134.62
2026-07-24 22:45:00+00:00,159.62,158.01,162.1,159.92,105.0,160.79,132.61,192.935,154.18,10.01,161.24,190.0,164.5,161.67,130.84,190.0,157.490005,150.61,134.36
2026-07-24 23:00:00+00:00,170.01,170.01,159.52,170.01,82.86,170.01,132.57,169.15,170.01,13.56,170.01,195.18,175.41,170.01,170.01,195.18,170.009995,170.01,135.36
2026-07-24 23:15:00+00:00,155.62,156.79,159.52,155.91,82.86,154.24,131.72,169.15,156.89,10.39,156.1,189.09,171.0,144.57,156.96,189.09,156.58,156.96,135.93
2026-07-24 23:30:00+00:00,156.08,161.32,159.52,157.4,82.86,149.85,131.09,169.15,161.64,9.24,158.31,183.97,170.0,106.19,161.32,183.97,160.37,161.88,136.03
2026-07-24 23:45:00+00:00,151.41,158.32,159.52,153.27,82.86,143.07,130.78,169.15,158.1,8.6,154.73,190.0,168.0,83.39,153.75,190.0,156.98,157.83,130.13
2026-07-25 00:00:00+00:00,162.0,162.0,155.51,162.0,76.89,162.0,131.29,157.035,162.0,8.8,162.0,201.7,164.5,162.0,162.0,201.7,162.0,162.0,133.8
2026-07-25 00:15:00+00:00,159.13,158.72,155.51,159.2,76.89,159.4,131.0,157.035,157.83,8.34,159.51,190.0,163.82,159.61,152.15,190.0,158.62,156.99,128.14
2026-07-25 00:30:00+00:00,163.68,162.25,155.51,163.96,76.89,164.66,130.71,157.035,159.06,7.77,165.05,180.0,160.64,165.41,138.9,180.0,161.89,156.09,125.47
2026-07-25 00:45:00+00:00,160.64,158.74,155.51,161.01,76.89,161.95,130.49,157.035,154.49,7.12,162.47,188.3,159.06,162.95,127.61,188.3,158.259995,150.52,121.9
2026-07-25 01:00:00+00:00,164.55,162.0,150.0,165.01,88.02,166.23,131.07,149.75,156.42,9.36,166.93,186.0,159.06,167.55,122.1,186.0,161.37,151.24,125.2
2026-07-25 01:15:00+00:00,158.95,161.32,150.0,160.51,88.02,155.05,130.56,149.75,156.85,8.99,162.97,186.0,157.48,118.87,127.2,186.0,160.11,152.63,128.9
2026-07-25 01:30:00+00:00,157.73,160.98,150.0,159.59,88.02,152.69,130.29,149.75,156.23,8.13,162.36,190.63,157.21,107.9,124.29,190.63,159.57,151.71,122.02
2026-07-25 01:45:00+00:00,149.23,155.11,150.0,151.47,88.02,141.47,130.2,149.75,152.0,7.45,154.06,191.5,155.9,80.53,129.25,191.5,153.57,148.98,120.67
2026-07-25 02:00:00+00:00,160.41,156.89,148.13,161.03,88.86,162.7,128.27,138.84,149.29,9.72,163.65,168.58,155.9,164.5,102.48,168.58,154.880005,142.21,119.31
2026-07-25 02:15:00+00:00,154.36,151.99,148.13,154.77,88.86,155.9,128.07,138.84,146.88,9.18,156.54,171.85,154.24,157.11,115.4,171.85,148.839996,142.12,123.9
2026-07-25 02:30:00+00:00,150.88,149.4,148.13,151.16,88.86,151.84,127.69,138.84,146.58,8.54,152.25,177.18,153.6,152.59,127.6,177.18,141.929993,143.68,135.0
2026-07-25 02:45:00+00:00,150.86,149.77,148.13,151.17,88.86,151.58,127.51,138.84,149.17,7.81,151.91,185.0,150.21,152.07,137.97,185.0,132.63,147.36,135.96
2026-07-25 03:00:00+00:00,151.55,150.12,148.11,152.49,77.01,151.8,127.47,131.295,145.76,7.66,154.72,185.0,150.0,141.98,112.77,185.0,132.59,140.59,149.64
2026-07-25 03:15:00+00:00,145.59,147.0,148.11,146.65,77.01,143.19,126.97,131.295,145.6,7.38,148.15,180.0,147.97,120.13,129.9,180.0,131.960007,143.2,138.18
2026-07-25 03:30:00+00:00,145.12,147.84,148.11,146.3,77.01,141.46,126.27,131.295,147.97,7.67,147.53,170.02,147.66,111.64,139.81,170.02,131.350006,146.77,135.0
2026-07-25 03:45:00+00:00,138.88,140.05,148.11,139.31,77.01,137.41,125.81,131.295,140.76,6.95,139.62,163.15,146.37,126.27,140.44,163.15,130.490005,140.72,135.0
2026-07-25 04:00:00+00:00,160.27,157.71,140.1,160.93,75.0,161.99,124.04,123.725,155.34,9.41,162.69,174.65,148.5,163.19,123.9,174.65,130.44,151.7,118.3
2026-07-25 04:15:00+00:00,136.5,136.12,140.1,136.61,75.0,136.76,124.64,123.725,135.92,9.51,136.87,177.35,149.21,136.94,130.24,177.35,130.43,135.66,134.4
2026-07-25 04:30:00+00:00,130.48,130.01,140.1,130.56,75.0,130.79,121.92,123.725,129.1,9.36,130.91,177.12,150.0,131.05,120.2,177.12,129.929993,128.76,118.58
2026-07-25 04:45:00+00:00,117.78,117.68,140.1,117.8,75.0,117.86,115.58,123.725,117.46,9.35,117.88,170.23,148.24,117.92,115.37,170.23,117.669998,117.38,15.34
2026-07-25 05:00:00+00:00,136.83,136.39,121.96,136.91,105.03,137.13,121.83,115.645,135.55,12.33,137.24,164.5,149.2,137.37,127.17,164.5,133.43,135.23,118.66
2026-07-25 05:15:00+00:00,120.06,119.99,121.96,120.08,105.03,120.11,115.29,115.645,119.85,10.99,120.13,157.42,145.34,120.15,118.46,157.42,119.98,119.8,11.0
2026-07-25 05:30:00+00:00,107.52,107.52,121.96,107.52,105.03,107.52,105.68,115.645,107.52,10.71,107.52,150.0,140.0,107.52,107.52,150.0,107.52,107.52,8.0
2026-07-25 05:45:00+00:00,102.15,97.32,121.96,97.5,105.03,97.19,101.91,115.645,97.31,11.27,97.48,139.92,125.42,95.3,97.25,139.92,97.33,97.3,0.01
2026-07-25 06:00:00+00:00,115.08,122.67,110.5,120.15,59.26,103.86,111.62,93.01,123.36,10.01,122.67,147.79,124.88,-1.0,124.88,147.79,121.79,123.85,5.11
2026-07-25 06:15:00+00:00,102.15,102.71,110.5,101.89,59.26,87.48,104.07,93.01,103.02,10.84,102.71,148.0,103.13,0.0,103.13,148.0,102.09,103.21,0.0
2026-07-25 06:30:00+00:00,110.92,79.93,110.5,79.22,59.26,67.84,80.89,93.01,80.29,10.02,79.93,144.34,81.1,0.0,81.1,144.34,79.440002,80.55,0.0
2026-07-25 06:45:00+00:00,110.45,28.73,110.5,27.24,59.26,20.28,29.13,93.01,29.08,10.0,28.73,140.27,29.86,-10.73,29.86,140.27,28.290001,29.33,-0.01
2026-07-25 07:00:00+00:00,75.05,39.61,38.0,41.4,39.03,38.2,62.65,37.485,39.42,10.82,40.52,161.84,38.99,19.96,38.99,161.84,36.150002,39.29,-0.01
2026-07-25 07:15:00+00:00,20.3,5.05,38.0,5.23,39.03,4.9,42.4,37.485,5.03,5.12,5.14,168.12,4.98,2.98,4.98,168.12,5.01,5.01,-0.01
2026-07-25 07:30:00+00:00,0.01,0.01,38.0,0.01,39.03,0.01,39.8,37.485,0.01,4.29,0.01,150.63,0.01,0.01,0.01,150.63,3.94,0.01,-0.01
2026-07-25 07:45:00+00:00,0.0,0.0,38.0,0.0,39.03,0.0,40.15,37.485,0.0,3.86,0.0,147.13,0.0,0.0,0.0,147.13,2.05,0.0,-0.01
2026-07-25 08:00:00+00:00,0.0,0.0,1.56,0.0,6.98,0.0,56.42,27.82,0.0,3.69,0.0,163.46,0.0,0.0,0.0,163.46,1.98,0.0,-0.01
2026-07-25 08:15:00+00:00,-0.01,-0.01,1.56,-0.01,6.98,-0.01,56.47,27.82,-0.01,3.67,-0.01,152.25,-0.01,-0.01,-0.01,152.25,1.97,-0.01,-0.01
2026-07-25 08:30:00+00:00,-0.07,-0.07,1.56,-0.07,6.98,-0.07,56.45,27.82,-0.07,3.84,-0.07,136.0,-0.07,-0.07,-0.07,136.0,2.03,-0.07,-0.02
2026-07-25 08:45:00+00:00,-0.39,-0.39,1.56,-0.39,6.98,-0.39,56.31,27.82,-0.39,3.67,-0.39,122.0,-0.39,-0.39,-0.39,122.0,1.8,-0.39,-0.02
2026-07-25 09:00:00+00:00,-0.82,-0.82,0.0,-0.82,1.01,-0.82,57.57,47.985,-0.82,3.59,-0.82,99.0,-0.82,-0.82,-0.82,99.0,1.53,-0.82,-0.01
2026-07-25 09:15:00+00:00,-1.19,-1.19,0.0,-1.19,1.01,-1.19,56.64,47.985,-1.19,2.99,-1.19,88.5,-1.1,-1.19,-1.19,88.5,1.05,-1.19,-0.01
2026-07-25 09:30:00+00:00,-3.41,-3.41,0.0,-3.41,1.01,-3.41,54.71,47.985,-3.41,2.86,-3.41,68.28,-1.81,-3.41,-3.41,68.28,-0.04,-3.41,-0.01
2026-07-25 09:45:00+00:00,-5.01,-5.01,0.0,-5.01,1.01,-5.01,53.78,47.985,-5.01,2.7,-5.01,70.0,-2.0,-5.01,-5.01,70.0,-0.86,-5.01,-0.01
2026-07-25 10:00:00+00:00,-4.82,-4.82,-3.74,-4.82,1.01,-4.82,27.04,72.72,-4.82,3.59,-4.82,70.0,-1.0,-4.82,-4.82,70.0,-0.26,-4.82,-0.01
2026-07-25 10:15:00+00:00,0.0,-5.0,-3.74,-5.0,1.01,-5.0,27.04,72.72,-5.0,3.25,-5.0,90.0,-1.0,-5.0,-5.0,90.0,-0.53,-5.0,-0.01
2026-07-25 10:30:00+00:00,-5.54,-5.54,-3.74,-5.54,1.01,-5.54,12.24,72.72,-5.54,2.96,-5.54,93.53,-1.0,-5.54,-5.54,93.53,-0.89,-5.54,-0.01
2026-07-25 10:45:00+00:00,-8.46,-8.46,-3.74,-8.46,1.01,-8.46,6.84,72.72,-8.46,2.72,-8.46,100.0,-1.0,-8.46,-8.46,100.0,-2.35,-8.46,-0.01
2026-07-25 11:00:00+00:00,-7.79,-7.99,-5.05,-7.75,1.29,-7.64,14.62,93.25,-7.92,2.15,-7.43,90.0,-1.0,-7.61,-7.59,90.0,-2.8,-7.18,-0.01
2026-07-25 11:15:00+00:00,0.0,-9.98,-5.05,-8.65,1.29,-8.02,24.11,93.25,-9.9,2.05,-6.73,90.0,-1.0,-7.95,-9.68,90.0,-3.07,-9.84,-0.01
2026-07-25 11:30:00+00:00,-3.59,-10.44,-5.05,-10.26,1.29,-10.18,23.69,93.25,-10.43,1.89,-10.0,90.0,-1.0,-10.17,-10.4,90.0,-3.44,-10.42,-0.01
2026-07-25 11:45:00+00:00,-6.79,-11.38,-5.05,-11.1,1.29,-10.96,22.96,93.25,-11.36,1.81,-10.69,91.73,-1.0,-10.95,-11.32,91.73,-5.28,-11.35,-0.01
2026-07-25 12:00:00+00:00,0.0,-15.01,-1.37,-10.5,1.61,-8.56,6.6,109.295,-13.24,1.67,-5.0,90.0,-1.0,-7.93,-5.0,90.0,-7.67,3.54,-0.01
2026-07-25 12:15:00+00:00,-7.36,-14.31,-1.37,-9.27,1.61,-7.1,6.58,109.295,-12.34,1.68,-3.13,90.0,-1.0,-6.4,-3.13,90.0,-7.32,6.43,-0.01
2026-07-25 12:30:00+00:00,-7.83,-11.81,-1.37,-6.94,1.61,-4.84,6.1,109.295,-9.9,1.52,-1.0,99.0,-1.0,-4.16,-1.0,99.0,-6.01,8.23,-0.01
2026-07-25 12:45:00+00:00,0.0,-7.99,-1.37,-5.43,1.61,-4.11,5.85,109.295,-7.04,1.8,-2.67,104.24,-1.0,-3.16,-2.67,104.24,-3.5,1.74,-0.01
2026-07-25 13:00:00+00:00,0.0,-6.47,10.26,-2.77,16.41,-0.82,27.35,110.735,-5.6,1.66,2.19,99.42,-1.02,0.0,-1.02,99.42,-2.72,-3.48,-0.02
2026-07-25 13:15:00+00:00,0.0,-3.72,10.26,-1.56,16.41,-0.29,27.77,110.735,-3.28,1.86,1.07,99.0,-1.02,0.59,-1.02,99.0,-1.11,-2.25,-0.02
2026-07-25 13:30:00+00:00,-1.04,-2.01,10.26,-0.87,16.41,-0.22,26.92,110.735,-2.32,2.12,0.48,70.0,-1.02,0.23,-1.02,70.0,-0.08,-1.26,-0.02
2026-07-25 13:45:00+00:00,0.0,-1.21,10.26,-0.83,16.41,-0.72,23.69,110.735,-1.31,1.99,-0.3,70.0,-1.0,-0.1,-1.0,70.0,0.35,-1.03,-0.01
2026-07-25 14:00:00+00:00,0.01,-1.06,69.59,-0.57,39.99,-0.31,56.06,110.555,-1.36,2.76,0.08,100.0,-0.68,0.08,-0.68,100.0,0.81,-0.64,-0.01
2026-07-25 14:15:00+00:00,1.94,-0.12,69.59,-0.09,39.99,-0.07,56.48,110.555,-0.12,3.19,-0.06,120.0,-0.5,0.0,-0.11,120.0,1.53,-0.12,-0.01
2026-07-25 14:30:00+00:00,41.13,-0.09,69.59,-0.05,39.99,-0.03,57.07,110.555,-0.09,3.74,0.01,133.9,-0.39,0.01,-0.09,133.9,1.59,-0.09,0.0
2026-07-25 14:45:00+00:00,83.37,-0.01,69.59,0.0,39.99,0.01,57.26,110.555,-0.01,4.1,0.02,137.38,-0.16,0.01,-0.01,137.38,1.6,-0.01,0.01
2026-07-25 15:00:00+00:00,110.91,-0.01,115.41,0.0,94.93,0.0,60.1,108.03,-0.01,4.74,0.01,135.29,-0.05,0.0,-0.01,135.29,2.47,-0.01,0.0
2026-07-25 15:15:00+00:00,112.31,0.0,115.41,0.36,94.93,0.62,60.17,108.03,0.0,5.25,0.84,141.27,-0.01,0.76,0.0,141.27,3.92,0.01,0.64
2026-07-25 15:30:00+00:00,118.59,2.59,115.41,23.96,94.93,38.69,73.24,108.03,2.42,8.52,51.68,144.44,0.0,47.03,0.0,144.44,8.4,2.59,40.66
2026-07-25 15:45:00+00:00,117.39,42.42,115.41,100.45,94.93,149.48,97.28,108.03,40.0,15.31,175.25,175.25,0.0,175.25,14.76,175.25,37.12,40.0,154.48
2026-07-25 16:00:00+00:00,122.84,21.95,135.69,44.38,135.02,57.19,59.48,146.29,21.84,13.92,67.25,143.11,0.0,58.67,21.95,143.11,22.65,22.31,152.71
2026-07-25 16:15:00+00:00,114.04,99.1,135.69,116.82,135.02,126.68,104.74,146.29,96.27,15.05,134.54,150.0,0.28,128.47,71.13,150.0,99.96,95.39,165.41
2026-07-25 16:30:00+00:00,127.67,119.75,135.69,129.14,135.02,134.32,112.87,146.29,118.41,10.86,138.46,190.85,1.08,135.27,104.83,190.85,120.190002,117.91,134.2
2026-07-25 16:45:00+00:00,157.81,139.98,135.69,161.21,135.02,172.7,115.04,146.29,139.98,22.3,181.97,201.84,2.0,174.45,130.42,201.84,127.34,139.38,172.33
2026-07-25 17:00:00+00:00,138.92,138.92,154.0,138.92,158.5,138.92,118.85,166.975,138.92,49.99,138.92,197.34,0.01,138.92,138.92,197.34,138.92,138.92,126.76
2026-07-25 17:15:00+00:00,151.78,150.0,154.0,151.48,158.5,151.5,120.73,166.975,150.86,69.59,151.3,201.84,1.5,151.42,150.84,201.84,143.26,150.88,135.0
2026-07-25 17:30:00+00:00,170.01,163.89,154.0,168.83,158.5,169.2,122.19,166.975,163.44,69.99,168.58,204.39,21.54,169.15,155.51,204.39,142.17,162.42,136.01
2026-07-25 17:45:00+00:00,183.9,176.87,154.0,183.1,158.5,183.93,125.2,166.975,174.91,56.35,183.95,204.39,76.31,184.44,154.25,204.39,155.89,171.81,140.68
2026-07-25 18:00:00+00:00,163.14,163.01,158.14,163.18,163.55,163.19,130.32,178.44,163.37,66.82,163.23,201.84,79.96,163.21,163.3,201.84,162.56,163.33,156.53
2026-07-25 18:15:00+00:00,173.66,172.99,158.14,173.88,163.55,173.9,132.62,178.44,174.82,50.0,174.11,203.14,97.5,173.99,174.47,203.14,170.669998,174.62,152.45
2026-07-25 18:30:00+00:00,177.93,173.49,158.14,176.92,163.55,177.09,133.51,178.44,173.61,50.0,176.5,201.84,126.33,176.95,168.63,201.84,156.12,173.62,159.71
2026-07-25 18:45:00+00:00,174.13,171.75,158.14,174.04,163.55,174.46,133.54,178.44,171.17,43.02,174.69,202.62,155.9,174.83,155.9,202.62,164.93,170.57,153.69
2026-07-25 19:00:00+00:00,173.0,174.48,163.1,172.61,154.88,171.57,133.79,184.055,174.86,53.34,170.31,204.39,153.6,170.49,153.6,212.06,174.99,174.16,164.41
2026-07-25 19:15:00+00:00,170.86,171.54,163.1,170.69,154.88,170.16,133.32,184.055,171.94,29.11,169.55,204.39,161.16,169.63,161.16,204.39,171.5,171.56,164.41
2026-07-25 19:30:00+00:00,165.5,165.5,163.1,165.5,154.88,165.5,132.33,184.055,165.5,13.64,165.5,200.0,165.5,165.5,165.5,200.0,165.5,165.5,165.5
2026-07-25 19:45:00+00:00,164.78,164.78,163.1,164.78,154.88,164.78,132.08,184.055,164.78,6.95,164.78,194.62,164.78,164.78,164.78,194.62,164.78,164.78,164.41
2026-07-25 20:00:00+00:00,173.22,173.22,164.3,173.22,160.0,173.22,131.48,190.615,173.22,6.95,173.22,204.39,173.22,173.22,173.22,204.39,173.220001,173.22,155.82
2026-07-25 20:15:00+00:00,165.16,165.16,164.3,165.16,160.0,165.16,131.34,190.615,165.16,5.06,165.16,195.18,165.16,165.16,165.16,195.18,165.160004,165.16,142.3
2026-07-25 20:30:00+00:00,164.99,164.99,164.3,164.99,160.0,164.99,131.08,190.615,164.99,2.92,164.99,201.84,164.99,164.99,164.99,201.84,164.99,164.99,140.38
2026-07-25 20:45:00+00:00,158.56,158.56,164.3,158.56,160.0,158.56,130.92,190.615,158.56,2.47,158.56,198.59,158.56,158.56,158.56,198.59,158.559998,158.56,158.56
2026-07-25 21:00:00+00:00,166.84,166.84,159.4,166.84,117.0,166.84,130.38,189.73,166.84,2.19,166.84,201.84,166.84,166.84,166.84,201.84,166.839996,166.84,166.84
2026-07-25 21:15:00+00:00,160.33,160.33,159.4,160.33,117.0,160.33,129.9,189.73,160.33,1.99,160.33,189.83,160.33,160.33,160.33,189.83,160.33,160.33,160.33
2026-07-25 21:30:00+00:00,160.64,160.64,159.4,160.64,117.0,160.64,129.66,189.73,160.64,1.9,160.64,160.64,160.64,160.64,160.64,160.64,160.64,160.64,160.64
2026-07-25 21:45:00+00:00,152.19,152.19,159.4,152.19,117.0,152.19,129.04,189.73,152.19,1.8,152.19,152.19,152.19,152.19,152.19,152.19,152.190002,152.19,152.19
2026-07-25 22:00:00+00:00,146.55,148.59,151.45,147.13,79.93,144.76,138.06,166.82,147.95,1.81,147.39,201.28,139.35,133.59,139.35,201.28,148.14,147.69,135.73
